Frame,Processing Time (s),Total Time (s),Peak Range (m),Peak Velocity (m/s),Peak Magnitude
0,0.39309072494506836,0.3955373764038086,3.3855263157894733,-5.16732283464567,5.035562143393228
1,0.3935692310333252,0.7917625904083252,0.8592105263157919,4.872047244094485,5.349596780542631
2,0.3930497169494629,1.187492847442627,4.227631578947371,4.872047244094485,4.845953514416822
3,0.39103245735168457,1.5812227725982666,1.0276315789473678,5.167322834645667,5.249223764089721
4,0.3875885009765625,1.9713947772979736,,,
5,0.3903539180755615,2.3644211292266846,1.0276315789473678,-5.462598425196852,5.415833261583927
6,0.39104342460632324,2.7581450939178467,3.8907894736842117,4.576771653543304,4.972022844290648
7,0.39266467094421387,3.155203104019165,7.42763157894737,-5.462598425196852,5.012565177993538
8,0.3919646739959717,3.5499026775360107,8.438157894736843,-5.462598425196852,4.913497624354106
9,0.3931288719177246,3.945726156234741,4.227631578947371,-5.16732283464567,5.448448254856222
10,0.3889594078063965,4.337364912033081,,,
11,0.39112067222595215,4.731082916259766,1.3644736842105267,5.462598425196848,5.871767565127726
12,0.3936436176300049,5.1273722648620605,7.596052631578949,3.690944881889763,4.501449153592889
13,0.39440274238586426,5.524546146392822,,,
14,0.42557477951049805,5.952765703201294,,,
15,0.43090128898620605,6.386413335800171,7.2592105263157904,-5.16732283464567,5.4622533706436585
16,0.4171030521392822,6.806833982467651,7.2592105263157904,3.9862204724409445,4.761553842002342
17,0.4189150333404541,7.228959798812866,1.1960526315789473,1.3287401574803148,5.229029157217815
18,0.39803242683410645,7.629891872406006,1.1960526315789473,5.167322834645667,5.5639124490426815
19,0.3908271789550781,8.02353024482727,,,
20,0.3913135528564453,8.419616222381592,1.1960526315789473,-5.16732283464567,5.7158333480890215
21,0.38906121253967285,8.811413288116455,,,
22,0.3871877193450928,9.201308012008667,4.3960526315789465,-4.281496062992128,5.084736340196474
23,0.3901045322418213,9.594112157821655,1.3644736842105267,5.167322834645667,5.4769032382460034
24,0.3897831439971924,9.986517429351807,,,
25,0.3908095359802246,10.380054950714111,6.417105263157897,-2.5098425196850407,4.884916111543552
26,0.38950181007385254,10.77217960357666,,,
27,0.3912796974182129,11.166114568710327,1.8697368421052651,1.6240157480314927,5.802725653851838
28,0.39080238342285156,11.559603929519653,4.7328947368421055,-4.576771653543307,5.186361724206184
29,0.3925619125366211,11.954862594604492,2.0381578947368446,1.3287401574803148,5.446040531516752
30,0.3879983425140381,12.345569133758545,,,
31,0.3950207233428955,12.743227243423462,2.2065789473684205,1.6240157480314927,5.617119181521555
32,0.390653133392334,13.136640310287476,2.375,1.6240157480314927,5.657472261417099
33,0.39102768898010254,13.532046556472778,2.375,1.9192913385826742,5.706729114961986
34,0.39177727699279785,13.926554679870605,2.5434210526315795,1.9192913385826742,5.666083919735981
35,0.3919355869293213,14.321126222610474,2.711842105263159,1.9192913385826742,5.049604749390794
36,0.3914318084716797,14.715240240097046,5.406578947368423,1.3287401574803148,4.7486352062626205
37,0.3941943645477295,15.112168312072754,3.2171052631578974,1.9192913385826742,5.196305506914597
38,0.3916585445404053,15.506495952606201,0.6907894736842124,5.462598425196848,5.978166256002139
39,0.39638638496398926,15.905511856079102,3.3855263157894733,1.9192913385826742,5.3272514708516425
40,0.39284253120422363,16.301029205322266,0.18552631578947398,5.167322834645667,5.883200586707076
41,0.39277219772338867,16.696483612060547,3.3855263157894733,1.9192913385826742,5.3075241003700135
42,0.39050865173339844,17.089669704437256,,,
43,0.3921072483062744,17.484938383102417,3.8907894736842117,1.6240157480314927,5.138420421753328
44,0.38753843307495117,17.875173091888428,1.5328947368421062,1.3287401574803148,6.179664588198411
45,0.3964254856109619,18.274343252182007,6.417105263157897,1.3287401574803148,4.954991059275285
46,0.39005279541015625,18.66881799697876,3.048684210526318,-5.462598425196852,5.173637673069427
47,0.3910951614379883,19.062621355056763,1.0276315789473678,2.8051181102362186,5.5065761466417955
48,0.38975095748901367,19.45506763458252,,,
49,0.39238905906677246,19.85015320777893,4.564473684210526,-4.281496062992128,5.032164484777908
50,0.3914618492126465,20.244341135025024,,,
51,0.39030981063842773,20.6373393535614,0.8592105263157919,4.872047244094485,5.0177188200232905
52,0.39110350608825684,21.031051874160767,5.238157894736844,-5.16732283464567,4.928630850083118
53,0.3931539058685303,21.426961183547974,0.5223684210526329,-4.872047244094489,5.896343806615033
54,0.3885641098022461,21.81815505027771,,,
55,0.3986680507659912,22.219486236572266,0.8592105263157919,-5.462598425196852,5.0438203600218365
56,0.3858358860015869,22.607995748519897,3.3855263157894733,-3.9862204724409462,4.887956564097227
57,0.39540863037109375,23.006027936935425,1.5328947368421062,-3.3956692913385833,4.870609485361827
58,0.39159178733825684,23.400358200073242,3.8907894736842117,-3.9862204724409462,5.101168416917555
59,0.3926815986633301,23.797281742095947,3.3855263157894733,5.462598425196848,5.151204519186841
60,0.39180874824523926,24.191885948181152,4.564473684210526,-5.16732283464567,4.989460368713679
61,0.3901848793029785,24.584765672683716,1.0276315789473678,4.281496062992122,5.6162782277186905
62,0.3927268981933594,24.98015785217285,4.227631578947371,5.462598425196848,5.102716587951135
63,0.394120454788208,25.376985549926758,5.911842105263158,-5.462598425196852,5.373753053208156
64,0.3925662040710449,25.772189140319824,3.5539473684210527,-1.3287401574803148,5.387799762926053
65,0.39357709884643555,26.16887879371643,2.8802631578947384,5.462598425196848,5.518190165049734
66,0.38798975944519043,26.55953097343445,3.3855263157894733,-1.3287401574803148,5.590712198512969
67,0.39270567893981934,26.95484185218811,3.8907894736842117,5.462598425196848,6.216247986614284
68,0.39211392402648926,27.34970760345459,3.2171052631578974,-1.3287401574803148,5.411063106740916
69,0.39376235008239746,27.746106147766113,2.8802631578947384,-1.6240157480314963,5.3798381635960855
70,0.3888278007507324,28.137709140777588,3.048684210526318,-3.9862204724409462,5.512151773402402
71,0.39239501953125,28.532817363739014,2.711842105263159,-1.3287401574803148,5.614228759732094
72,0.3926570415496826,28.929722547531128,2.5434210526315795,-1.3287401574803148,5.6967700837338615
73,0.3955814838409424,29.327900648117065,0.017105263157894512,-2.214566929133859,6.125606353590877
74,0.3915424346923828,29.722076416015625,2.375,-1.3287401574803148,5.78974106445785
75,0.3931910991668701,30.117918491363525,2.375,-1.3287401574803148,5.55193771961977
76,0.3909330368041992,30.51148247718811,5.911842105263158,-2.214566929133859,5.38348916249359
77,0.3911776542663574,30.90523409843445,,,
78,0.3935737609863281,31.301515579223633,3.722368421052632,4.872047244094485,4.974478761518748
79,0.39244961738586426,31.696598529815674,1.8697368421052651,-0.442913385826774,4.940523930091034
80,0.389101505279541,32.08833074569702,4.3960526315789465,-2.805118110236222,4.998395432534547
81,0.3910539150238037,32.48208713531494,0.8592105263157919,-4.872047244094489,5.006681372948845
82,0.39015722274780273,32.87484169006348,6.080263157894738,-5.462598425196852,5.008205743120687
83,0.3910660743713379,33.268712520599365,7.596052631578949,5.167322834645667,4.9759777815383455
84,0.39176154136657715,33.663079023361206,5.574999999999999,-1.6240157480314963,5.600679191970632
85,0.39777231216430664,34.06518340110779,1.5328947368421062,-1.033464566929137,5.383167538623015
86,0.389512300491333,34.4573917388916,,,
87,0.39155030250549316,34.851505517959595,1.3644736842105267,4.281496062992122,5.569549481822971
88,0.3904876708984375,35.24518036842346,0.35394736842105345,4.872047244094485,6.1067429873713
89,0.39206981658935547,35.63984775543213,6.585526315789476,5.167322834645667,5.012817605121568
90,0.38825535774230957,36.03073525428772,,,
91,0.39628148078918457,36.429665327072144,,,
92,0.3893437385559082,36.82164812088013,,,
93,0.3924367427825928,37.216763734817505,,,
94,0.3870227336883545,37.60644221305847,7.932894736842105,-4.872047244094489,4.844748239294435
95,0.3904557228088379,37.99951910972595,6.080263157894738,-5.16732283464567,5.298002940063358
96,0.3876307010650635,38.38977527618408,0.017105263157894512,-3.3956692913385833,6.184327562997516
97,0.3894321918487549,38.78185176849365,1.3644736842105267,2.509842519685037,5.277576180653746
98,0.38927578926086426,39.17528319358826,1.3644736842105267,4.281496062992122,5.311001027810839
99,0.39325547218322754,39.57117199897766,,,
100,0.3900313377380371,39.96375298500061,,,
101,0.3976418972015381,40.36404824256897,1.5328947368421062,-5.16732283464567,5.508764939719854
102,0.3889012336730957,40.75554609298706,1.7013157894736857,3.690944881889763,5.190911759022054
103,0.39008402824401855,41.148226737976074,1.5328947368421062,4.576771653543304,5.209077054202034
104,0.38820815086364746,41.53907036781311,3.048684210526318,-4.872047244094489,4.991115069563185
105,0.3916623592376709,41.93337059020996,1.7013157894736857,3.690944881889763,5.323068402916605
106,0.3902151584625244,42.32638192176819,,,
107,0.3894009590148926,42.71836733818054,3.2171052631578974,4.872047244094485,5.746135008237119
108,0.3926098346710205,43.11361050605774,1.8697368421052651,-4.872047244094489,5.125740814694114
109,0.39313626289367676,43.509377241134644,,,
110,0.3892703056335449,43.90122413635254,3.722368421052632,-5.16732283464567,5.063636781672281
111,0.3918333053588867,44.29774451255798,0.017105263157894512,4.281496062992122,6.255450835655129
112,0.39345669746398926,44.69386410713196,3.5539473684210527,-5.462598425196852,5.170913361917036
113,0.38995790481567383,45.08642244338989,7.596052631578949,-1.9192913385826778,7.378757867231894
114,0.39157581329345703,45.48070478439331,1.1960526315789473,5.167322834645667,5.325763234722807
115,0.39130139350891113,45.87461447715759,4.059210526315791,2.8051181102362186,4.635949865480924
116,0.389739990234375,46.266968727111816,6.9223684210526315,0.7381889763779519,5.779474428686298
117,0.3893601894378662,46.659013748168945,1.1960526315789473,4.872047244094485,5.36351381727924
118,0.38556647300720215,47.047147274017334,1.1960526315789473,-5.16732283464567,5.167537722394435
119,0.3913154602050781,47.44113540649414,6.9223684210526315,4.872047244094485,5.446139309073304
120,0.3896942138671875,47.83348822593689,3.5539473684210527,5.167322834645667,5.129465600347527
121,0.39077162742614746,48.22688841819763,1.3644736842105267,5.462598425196848,5.373957463415423
122,0.390028715133667,48.61953806877136,,,
123,0.3912687301635742,49.01336121559143,,,
124,0.39230799674987793,49.40991163253784,8.775,-2.5098425196850407,4.744308301546104
125,0.3926424980163574,49.80519461631775,6.585526315789476,5.462598425196848,5.114992099918057
126,0.3902091979980469,50.198060035705566,1.8697368421052651,1.3287401574803148,5.392088160078814
127,0.39333653450012207,50.59412384033203,4.059210526315791,2.509842519685037,5.2995486063397825
128,0.38711071014404297,50.983872175216675,6.585526315789476,2.2145669291338557,5.310067376272104
129,0.389296293258667,51.37589192390442,6.753947368421052,2.2145669291338557,5.441334825970961
130,0.38997411727905273,51.76845359802246,,,
131,0.3972306251525879,52.16839909553528,7.090789473684211,2.509842519685037,5.488722234654445
132,0.3880124092102051,52.559069871902466,0.18552631578947398,1.6240157480314927,5.988767246330891
133,0.3952748775482178,52.95697736740112,2.2065789473684205,1.6240157480314927,5.622862836187849
134,0.390474796295166,53.35044741630554,0.35394736842105345,-0.1476377952755925,5.890958022286714
135,0.39402031898498535,53.7470977306366,2.5434210526315795,1.3287401574803148,5.569114432122571
136,0.3895900249481201,54.139392375946045,4.901315789473685,-0.7381889763779554,6.156842591751743
137,0.39893388748168945,54.54250454902649,2.711842105263159,-4.576771653543307,5.2159204662147145
138,0.388577938079834,54.93377447128296,3.3855263157894733,-4.576771653543307,5.1556967820126305
139,0.39217185974121094,55.32867646217346,,,
140,0.38717198371887207,55.71849179267883,3.2171052631578974,-5.462598425196852,5.284756652347618
141,0.3907637596130371,56.11190176010132,1.3644736842105267,4.872047244094485,5.109754503917344
142,0.3908348083496094,56.50546908378601,,,
143,0.3892378807067871,56.897353172302246,2.711842105263159,-0.442913385826774,5.036832669951787
144,0.38595104217529297,57.286086559295654,1.3644736842105267,-4.872047244094489,5.2041278659852654
145,0.3898732662200928,57.67858910560608,,,
146,0.38202977180480957,58.063207149505615,0.18552631578947398,-4.872047244094489,6.361685810635476
147,0.38807153701782227,58.4539840221405,2.711842105263159,-0.7381889763779554,5.220161557464555
148,0.3890373706817627,58.8456768989563,5.238157894736844,4.872047244094485,5.077134629031077
149,0.3898763656616211,59.238205671310425,2.375,-1.033464566929137,5.525524657489283
150,0.38921570777893066,59.63171672821045,2.2065789473684205,-1.033464566929137,5.629246604429128
151,0.3878600597381592,60.02224063873291,2.2065789473684205,-1.033464566929137,5.4472406488670595
152,0.38774943351745605,60.41266632080078,4.901315789473685,-2.5098425196850407,5.350071084397395
153,0.38865184783935547,60.80406403541565,0.5223684210526329,1.3287401574803148,6.055367087668907
154,0.3933565616607666,61.200170278549194,4.7328947368421055,5.462598425196848,4.943888234540129
155,0.39146852493286133,61.594310998916626,7.764473684210529,5.167322834645667,5.474451279106599
156,0.39053821563720703,61.9879047870636,6.417105263157897,-1.6240157480314963,5.165542305731926
157,0.39003825187683105,62.380656242370605,0.017105263157894512,5.462598425196848,6.320330425838644
158,0.3858792781829834,62.76917815208435,1.7013157894736857,-5.462598425196852,5.696954397124853
159,0.38997864723205566,63.16194725036621,,,
160,0.3881962299346924,63.552818298339844,1.5328947368421062,-5.16732283464567,5.498661532711013
161,0.39299559593200684,63.94845366477966,1.5328947368421062,-5.462598425196852,5.4866104047235495
162,0.38643836975097656,64.33764028549194,0.35394736842105345,4.281496062992122,6.55241944869653
163,0.38818883895874023,64.73019766807556,1.7013157894736857,-5.16732283464567,5.437711964959232
164,0.3879666328430176,65.12085485458374,1.7013157894736857,-5.16732283464567,5.473044009886618
165,0.38881707191467285,65.51237630844116,1.7013157894736857,-3.6909448818897648,5.8674798760078835
166,0.39135241508483887,65.90643644332886,1.7013157894736857,4.281496062992122,5.282505173124235
167,0.39140820503234863,66.30055594444275,,,
168,0.3871021270751953,66.69031810760498,7.2592105263157904,5.462598425196848,5.52939192591581
169,0.39244866371154785,67.08537650108337,0.017105263157894512,-2.5098425196850407,6.278278474970126
170,0.38919925689697266,67.4772834777832,1.8697368421052651,1.0334645669291334,5.269260248007513
171,0.3908872604370117,67.87081360816956,7.090789473684211,1.9192913385826742,5.394230372869981
172,0.3930840492248535,68.26663303375244,2.0381578947368446,1.3287401574803148,5.43534134659788
173,0.3910403251647949,68.66036868095398,2.2065789473684205,1.3287401574803148,5.511659788108568
174,0.38753199577331543,69.0505542755127,2.2065789473684205,1.3287401574803148,5.555926617071654
175,0.3909587860107422,69.44422435760498,2.375,1.3287401574803148,5.547104761216601
176,0.390810489654541,69.83923673629761,2.8802631578947384,-3.1003937007874036,5.746381454197663
177,0.394223690032959,70.23620629310608,0.8592105263157919,-2.805118110236222,4.9941389973071955
178,0.3881571292877197,70.62701606750488,0.18552631578947398,-0.7381889763779554,6.165373964384098
179,0.39135313034057617,71.02130270004272,2.711842105263159,1.6240157480314927,5.697693899972555
180,0.38660120964050293,71.41055464744568,1.8697368421052651,3.3956692913385815,5.834848728105469
181,0.38869738578796387,71.80182456970215,3.048684210526318,1.6240157480314927,5.763241190104056
182,0.3857550621032715,72.19027495384216,1.7013157894736857,5.462598425196848,6.207749542955709
183,0.3933286666870117,72.58623838424683,3.2171052631578974,1.6240157480314927,5.756949509840164
184,0.3885061740875244,72.97738766670227,3.3855263157894733,1.6240157480314927,5.647579623038009
185,0.3891024589538574,73.36920380592346,0.18552631578947398,-2.5098425196850407,6.011859862313337
186,0.3933696746826172,73.76525855064392,3.3855263157894733,1.6240157480314927,5.119822837302327
187,0.39429163932800293,74.16233038902283,3.8907894736842117,1.6240157480314927,5.005145420974572
188,0.39084696769714355,74.55581283569336,6.417105263157897,-5.462598425196852,5.247541160830656
189,0.39165282249450684,74.95019888877869,0.8592105263157919,4.576771653543304,4.8782216963930765
190,0.38837695121765137,75.341304063797,3.2171052631578974,5.167322834645667,5.052967328572237
191,0.3914759159088135,75.73539113998413,,,
192,0.3858187198638916,76.12388348579407,7.090789473684211,-5.462598425196852,5.308838539786986
193,0.3934013843536377,76.51993227005005,3.722368421052632,-5.462598425196852,5.202769061458165
194,0.39078593254089355,76.91333079338074,7.090789473684211,3.9862204724409445,4.607931014445008
195,0.39080071449279785,77.30694842338562,3.5539473684210527,5.462598425196848,5.043449917218589
196,0.3916597366333008,77.70134401321411,0.8592105263157919,3.9862204724409445,4.914205791334023
197,0.3883695602416992,78.09251761436462,3.5539473684210527,5.462598425196848,5.2035311590536555
198,0.3901679515838623,78.48542976379395,7.932894736842105,5.167322834645667,4.8597787619757415
199,0.3933842182159424,78.88152503967285,5.574999999999999,-0.442913385826774,5.352109506028889
200,0.39263033866882324,79.27688765525818,4.227631578947371,-0.7381889763779554,4.670329426464975
201,0.3933117389678955,79.67308259010315,2.5434210526315795,-3.1003937007874036,5.284424504086317
202,0.3923466205596924,80.07022309303284,3.3855263157894733,-4.576771653543307,5.038002546144415
203,0.3986518383026123,80.4717264175415,,,
204,0.39153409004211426,80.86598753929138,3.8907894736842117,5.462598425196848,5.1356291455498875
205,0.3934917449951172,81.26233959197998,0.18552631578947398,-1.033464566929137,6.449104421148291
206,0.39473986625671387,81.65989017486572,3.722368421052632,-1.033464566929137,5.216863271961698
207,0.3932828903198242,82.0558693408966,0.8592105263157919,-1.033464566929137,4.860236330143664
208,0.38640880584716797,82.44511008262634,3.2171052631578974,5.462598425196848,5.4040153717139185
209,0.3937265872955322,82.841548204422,3.2171052631578974,-1.3287401574803148,5.670299130318606
210,0.39118099212646484,83.2354588508606,3.2171052631578974,-1.3287401574803148,5.731908716043558
211,0.3907020092010498,83.62893724441528,0.35394736842105345,1.6240157480314927,6.074533660883456
212,0.39000821113586426,84.02168107032776,2.8802631578947384,-1.3287401574803148,5.629645386662574
213,0.39305949211120605,84.4174575805664,2.711842105263159,-1.6240157480314963,5.637137348824725
214,0.38843488693237305,84.80864024162292,1.8697368421052651,4.576771653543304,5.851158225177064
215,0.39438366889953613,85.20731711387634,2.8802631578947384,5.462598425196848,5.680694563116022
216,0.3911137580871582,85.60124707221985,2.375,-1.3287401574803148,5.693489603013883
217,0.39106082916259766,85.99515771865845,2.711842105263159,-1.3287401574803148,5.28108816038855
218,0.3894081115722656,86.38728284835815,6.753947368421052,-2.214566929133859,5.541939322114218
219,0.39295005798339844,86.78289127349854,2.0381578947368446,-1.3287401574803148,5.64925439857443
220,0.39066433906555176,87.1761724948883,1.8697368421052651,-1.033464566929137,5.475877570750377
221,0.3929433822631836,87.5717933177948,4.227631578947371,-2.805118110236222,4.979406595920377
222,0.38721513748168945,87.96164870262146,0.18552631578947398,-5.16732283464567,6.142096942840539
223,0.3994455337524414,88.3637125492096,7.42763157894737,-5.462598425196852,5.125276465888563
224,0.38546085357666016,88.75187516212463,3.5539473684210527,-5.16732283464567,5.640178896424844
225,0.3904240131378174,89.14516687393188,1.5328947368421062,-3.9862204724409462,5.094976194575458
226,0.3876783847808838,89.53546595573425,2.711842105263159,-3.3956692913385833,5.687988570777815
227,0.39652037620544434,89.93461108207703,4.901315789473685,-3.9862204724409462,4.988174178450842
228,0.3938908576965332,90.33282351493835,5.238157894736844,-4.576771653543307,6.15985805927878
229,0.39333081245422363,90.72883152961731,4.901315789473685,3.9862204724409445,4.951297467304796
230,0.38886141777038574,91.12029361724854,4.564473684210526,-5.462598425196852,5.176752774585525
231,0.39172959327697754,91.51472306251526,0.017105263157894512,4.281496062992122,5.958096748318587
232,0.3913288116455078,91.90865063667297,4.7328947368421055,-4.872047244094489,4.983329673371265
233,0.39119887351989746,92.30247282981873,1.3644736842105267,4.281496062992122,5.217033868952565
234,0.3852696418762207,92.69036889076233,0.18552631578947398,-0.7381889763779554,5.8795904943350825
235,0.39368104934692383,93.08668184280396,7.764473684210529,5.462598425196848,5.18330414575788
236,0.38761329650878906,93.47696423530579,6.585526315789476,-1.3287401574803148,5.368219163208722
237,0.3908817768096924,93.87044072151184,0.35394736842105345,5.462598425196848,6.199111927725632
238,0.38805508613586426,94.26116394996643,0.35394736842105345,3.1003937007874,6.095185007518182
239,0.393552303314209,94.6573588848114,6.417105263157897,-1.033464566929137,5.3896798827011105
240,0.392225980758667,95.0521912574768,0.8592105263157919,4.872047244094485,5.165416854255944
241,0.3906252384185791,95.4471378326416,4.227631578947371,-4.872047244094489,5.0398744000302935
242,0.3897693157196045,95.83956456184387,5.743421052631579,5.167322834645667,5.358643078380634
243,0.3896806240081787,96.23188543319702,1.1960526315789473,-5.16732283464567,5.263225877992183
244,0.3910508155822754,96.625643491745,5.743421052631579,-4.281496062992128,5.334576526488284
245,0.3899500370025635,97.01827192306519,0.017105263157894512,4.576771653543304,6.180970107395245
246,0.3897709846496582,97.41072487831116,6.248684210526317,5.462598425196848,5.163919670982678
247,0.39272093772888184,97.80650353431702,,,
248,0.3902275562286377,98.19934272766113,4.564473684210526,5.462598425196848,5.071259474269397
249,0.39749670028686523,98.5994713306427,1.7013157894736857,-3.9862204724409462,5.931383645787086
250,0.3874802589416504,98.98961782455444,1.3644736842105267,-5.462598425196852,5.498064844189897
251,0.39387941360473633,99.38617062568665,,,
252,0.3915243148803711,99.78038287162781,1.5328947368421062,-5.16732283464567,5.373475193812103
253,0.38948655128479004,100.1725013256073,1.7013157894736857,-5.462598425196852,5.56937857964313
254,0.3907744884490967,100.56758141517639,,,
255,0.39248132705688477,100.96271109580994,1.7013157894736857,1.3287401574803148,5.483362249126374
256,0.388948917388916,101.35437488555908,7.42763157894737,-4.576771653543307,4.954862398043546
257,0.39458584785461426,101.75161862373352,,,
258,0.38840556144714355,102.1425347328186,,,
259,0.39162445068359375,102.53684997558594,2.2065789473684205,1.6240157480314927,5.237274231819408
260,0.38829565048217773,102.92780494689941,2.5434210526315795,-4.281496062992128,5.615850139040864
261,0.3911111354827881,103.3216724395752,0.18552631578947398,3.9862204724409445,6.031172892998312
262,0.3933084011077881,103.71760773658752,7.764473684210529,2.2145669291338557,5.062021479734785
263,0.395125150680542,104.11532497406006,0.35394736842105345,5.167322834645667,5.05331170207789
264,0.3905375003814697,104.50854396820068,2.711842105263159,1.6240157480314927,5.687057638016664
265,0.3925440311431885,104.90377426147461,2.711842105263159,1.6240157480314927,5.7589788877275945
266,0.39121508598327637,105.29770135879517,2.8802631578947384,1.6240157480314927,5.779956071918645
267,0.3905770778656006,105.6924798488617,3.048684210526318,1.6240157480314927,5.718849210847786
268,0.38907480239868164,106.08423590660095,,,
269,0.3929309844970703,106.47982001304626,3.2171052631578974,1.6240157480314927,5.541921785218348
270,0.3856971263885498,106.86872363090515,,,
271,0.39096808433532715,107.26231789588928,3.3855263157894733,1.6240157480314927,5.358725882067117
272,0.38958191871643066,107.6544919013977,,,
273,0.391857385635376,108.0490505695343,3.048684210526318,5.462598425196848,5.154679591988255
274,0.38995361328125,108.44161629676819,3.5539473684210527,5.167322834645667,6.23002492498631
275,0.39386630058288574,108.83810305595398,0.5223684210526329,-5.16732283464567,5.124278524134397
276,0.3893265724182129,109.2300910949707,3.3855263157894733,3.1003937007874,4.851378381870183
277,0.39257168769836426,109.62531280517578,3.5539473684210527,4.872047244094485,5.436083787479419
278,0.387101411819458,110.01501035690308,,,
279,0.3953981399536133,110.41312551498413,3.048684210526318,4.872047244094485,5.108462679165162
280,0.3862326145172119,110.80359482765198,,,
281,0.3885691165924072,111.1948971748352,3.8907894736842117,-5.16732283464567,5.229769880240669
282,0.3850858211517334,111.58277988433838,8.775,-1.033464566929137,4.230331107535813
283,0.39388155937194824,111.97952485084534,,,
284,0.39018988609313965,112.37245583534241,8.269736842105264,-5.462598425196852,5.190849797947694
285,0.3931875228881836,112.76834440231323,4.059210526315791,-5.462598425196852,5.114242639907046
286,0.39395999908447266,113.16503405570984,2.8802631578947384,5.462598425196848,5.209427725100346
287,0.38919758796691895,113.55698728561401,1.1960526315789473,-1.9192913385826778,4.877277107737834
288,0.39264941215515137,113.95230293273926,3.3855263157894733,4.576771653543304,5.028796070687793
289,0.3922135829925537,114.3472843170166,3.5539473684210527,-4.872047244094489,5.2414963255133316
290,0.39074277877807617,114.74077701568604,3.8907894736842117,-3.9862204724409462,5.027268703811202
291,0.3908674716949463,115.13432002067566,0.18552631578947398,5.462598425196848,5.858688978224816
292,0.3957958221435547,115.53279829025269,7.2592105263157904,-5.16732283464567,5.050215280757977
293,0.3937065601348877,115.9311933517456,1.3644736842105267,1.6240157480314927,5.756959549759606
294,0.3875248432159424,116.32147693634033,0.6907894736842124,1.3287401574803148,5.007234239785487
295,0.39186978340148926,116.71601223945618,,,
296,0.3877828121185303,117.10642337799072,3.048684210526318,-1.3287401574803148,5.677141962336614
297,0.3916943073272705,117.50072145462036,,,
298,0.39142918586730957,117.89475393295288,2.8802631578947384,-1.3287401574803148,5.7330326879448235
299,0.39178919792175293,118.28927040100098,2.711842105263159,-1.3287401574803148,5.6816952329999975
300,0.39226293563842773,118.68412733078003,,,
301,0.38987016677856445,119.0766248703003,2.375,-1.6240157480314963,5.675906323412887
302,0.38747239112854004,119.46676421165466,2.375,-1.3287401574803148,5.731269095636376
303,0.3954951763153076,119.86489224433899,4.059210526315791,-2.805118110236222,5.61862171180609
304,0.389171838760376,120.25680923461914,2.2065789473684205,5.167322834645667,5.424546238536653
305,0.391512393951416,120.65098977088928,4.3960526315789465,-5.16732283464567,5.213351853876258
306,0.389631986618042,121.04496765136719,4.3960526315789465,-4.281496062992128,5.424932230847993
307,0.3877699375152588,121.43542146682739,,,
308,0.39269018173217773,121.8307831287384,1.7013157894736857,-3.6909448818897648,4.9269978690009335
309,0.3949315547943115,122.22867131233215,5.911842105263158,5.167322834645667,5.13056193431606
310,0.3893551826477051,122.62084174156189,4.901315789473685,5.462598425196848,5.189721919295256
311,0.3926694393157959,123.01618480682373,6.753947368421052,-4.872047244094489,5.164350627397775
312,0.3863825798034668,123.40530109405518,4.564473684210526,5.167322834645667,5.0742412193010615
313,0.38872838020324707,123.79670858383179,6.080263157894738,4.576771653543304,5.115908773466007
314,0.3893470764160156,124.18879008293152,0.6907894736842124,-2.805118110236222,6.047840105929527
315,0.3912358283996582,124.58272433280945,,,
316,0.38834547996520996,124.97413969039917,0.017105263157894512,-3.1003937007874036,6.01711836428959
317,0.3885667324066162,125.36544418334961,1.8697368421052651,1.0334645669291334,5.054109610672637
318,0.3870546817779541,125.75515389442444,2.2065789473684205,1.0334645669291334,5.541095177075064
319,0.39743733406066895,126.1570394039154,1.0276315789473678,5.167322834645667,4.988938917733517
320,0.3897979259490967,126.54950785636902,7.932894736842105,5.167322834645667,6.38676127064029
321,0.394756555557251,126.94694375991821,2.375,1.3287401574803148,5.445536264467013
322,0.38881802558898926,127.33849716186523,2.5434210526315795,1.3287401574803148,5.510589813666654
323,0.3936805725097656,127.73482251167297,,,
324,0.387941837310791,128.12542390823364,2.711842105263159,1.3287401574803148,5.554977857086703
325,0.39490222930908203,128.52304124832153,2.711842105263159,1.3287401574803148,5.601860204499593
326,0.3872494697570801,128.9129056930542,,,
327,0.3912491798400879,129.30684661865234,2.8802631578947384,1.3287401574803148,5.5082736088194215
328,0.3854637145996094,129.69505500793457,3.048684210526318,1.6240157480314927,5.576213805834799
329,0.3887467384338379,130.08645486831665,,,
330,0.3880584239959717,130.4771945476532,0.18552631578947398,-1.3287401574803148,6.18807888887005
331,0.39397168159484863,130.87383890151978,3.3855263157894733,1.6240157480314927,5.3726029673157765
332,0.39197564125061035,131.26855850219727,3.5539473684210527,1.6240157480314927,5.423740218645277
333,0.391831636428833,131.66311740875244,3.5539473684210527,1.6240157480314927,5.396253271047583
334,0.39237308502197266,132.05814671516418,3.5539473684210527,1.6240157480314927,5.224668953507395
335,0.39324259757995605,132.45578718185425,1.3644736842105267,5.167322834645667,5.116609736884219
336,0.39195823669433594,132.8504638671875,3.8907894736842117,1.6240157480314927,5.2738674111122
337,0.3955979347229004,133.2488260269165,7.596052631578949,4.576771653543304,5.470319099255905
338,0.3912639617919922,133.64321327209473,6.417105263157897,1.0334645669291334,4.813904952718436
339,0.3951537609100342,134.0411036014557,0.18552631578947398,0.4429133858267704,5.97749907733385
340,0.38847851753234863,134.43228960037231,5.238157894736844,3.9862204724409445,4.807218949010216
341,0.3903050422668457,134.82526469230652,6.417105263157897,-2.214566929133859,5.311623466219274
342,0.39022302627563477,135.2181715965271,6.417105263157897,-5.16732283464567,5.010149267528979
343,0.3928220272064209,135.61364197731018,1.1960526315789473,5.167322834645667,6.490442850089669
344,0.3902616500854492,136.00651049613953,,,
345,0.3908686637878418,136.40010142326355,3.048684210526318,5.462598425196848,4.948462056390336
346,0.39096832275390625,136.79375982284546,,,
347,0.39106059074401855,137.18754124641418,3.3855263157894733,-3.6909448818897648,4.972388765121403
348,0.3896660804748535,137.57993006706238,4.564473684210526,-4.872047244094489,5.032689454353874
349,0.3913285732269287,137.9739396572113,,,
350,0.3874626159667969,138.36405730247498,,,
351,0.3896057605743408,138.75629925727844,0.6907894736842124,2.509842519685037,4.79897667447887
352,0.3874986171722412,139.1463966369629,,,
353,0.3879096508026123,139.53854131698608,4.3960526315789465,3.3956692913385815,5.47207574755689
354,0.3934788703918457,139.93465042114258,0.8592105263157919,2.8051181102362186,4.945935408918838
355,0.39116716384887695,140.32854223251343,1.1960526315789473,5.167322834645667,4.9359729406727
356,0.39602136611938477,140.7272069454193,7.932894736842105,4.281496062992122,4.661086699979609
357,0.39182567596435547,141.12171292304993,3.2171052631578974,-1.033464566929137,5.194428461314106
358,0.3877432346343994,141.51218461990356,3.5539473684210527,5.462598425196848,5.204248914548159
359,0.39090490341186523,141.90577459335327,3.048684210526318,-1.3287401574803148,5.481252889971005
360,0.3894219398498535,142.2979416847229,1.3644736842105267,-5.462598425196852,5.72084499089154
361,0.3947007656097412,142.69561505317688,2.8802631578947384,-1.3287401574803148,5.396408142769268
362,0.38776421546936035,143.08608317375183,,,
363,0.39247727394104004,143.4813027381897,2.711842105263159,-1.3287401574803148,5.414611157095729
364,0.3925654888153076,143.87643122673035,5.911842105263158,-4.281496062992128,5.531153660100233
365,0.3928961753845215,144.2720718383789,2.711842105263159,4.872047244094485,5.1323638310310065
366,0.3885202407836914,144.66490650177002,,,
367,0.3934321403503418,145.06109476089478,4.564473684210526,-3.9862204724409462,4.820334736161436
368,0.39458155632019043,145.4583170413971,1.3644736842105267,1.6240157480314927,4.856046974176427
369,0.39029979705810547,145.85126757621765,0.017105263157894512,-3.1003937007874036,6.169935582855997
370,0.3896050453186035,146.24351406097412,,,
371,0.3951735496520996,146.6413311958313,3.722368421052632,4.281496062992122,4.991843424505086
372,0.3874349594116211,147.03136944770813,7.932894736842105,-1.9192913385826778,5.9667497906108755
373,0.3966696262359619,147.43073630332947,1.3644736842105267,-3.9862204724409462,5.055500816225381
374,0.3883819580078125,147.82192587852478,3.8907894736842117,4.872047244094485,5.212381955862692
375,0.3909759521484375,148.2155725955963,6.080263157894738,4.576771653543304,5.244560247621854
376,0.3907461166381836,148.6089940071106,0.017105263157894512,-4.576771653543307,5.945560627609985
377,0.39520907402038574,149.00689435005188,0.8592105263157919,-4.576771653543307,4.971989518713936
378,0.38982105255126953,149.39935636520386,3.3855263157894733,5.462598425196848,4.969110472746479
379,0.3922293186187744,149.7958106994629,8.101315789473684,-4.281496062992128,4.621406154630567
380,0.3910079002380371,150.18962144851685,3.722368421052632,-4.576771653543307,4.98284717692494
381,0.39220356941223145,150.58456110954285,2.2065789473684205,0.7381889763779519,4.622493963723593
382,0.39103150367736816,150.97818803787231,6.753947368421052,-5.462598425196852,5.0395338038743684
383,0.38901734352111816,151.3698627948761,4.227631578947371,-3.6909448818897648,5.423510650866708
384,0.3917806148529053,151.76465249061584,5.911842105263158,5.167322834645667,4.883080708603095
385,0.39394569396972656,152.16122889518738,0.017105263157894512,-5.462598425196852,5.934687944354421
386,0.3906729221343994,152.55456471443176,2.375,1.0334645669291334,4.86340384411709
387,0.3919243812561035,152.94918203353882,3.048684210526318,-3.1003937007874036,5.5742854127769315
388,0.3928828239440918,153.34482741355896,7.596052631578949,5.462598425196848,4.790803959124837
389,0.3941464424133301,153.7416136264801,0.017105263157894512,-5.462598425196852,6.577913705707871
390,0.39386701583862305,154.1381335258484,,,
391,0.39499711990356445,154.53580284118652,3.048684210526318,-4.872047244094489,5.1688432358710035
392,0.38687825202941895,154.92689561843872,3.3855263157894733,5.167322834645667,5.737084496538759
393,0.39106321334838867,155.320654630661,7.932894736842105,5.462598425196848,4.830326993920619
394,0.3850123882293701,155.70836067199707,3.3855263157894733,4.281496062992122,5.0137636483822385
395,0.39316272735595703,156.1041774749756,1.0276315789473678,-5.462598425196852,5.7724603160882415
396,0.3934061527252197,156.5002806186676,3.048684210526318,-5.462598425196852,5.134470135519364
397,0.39501953125,156.89790868759155,3.048684210526318,1.6240157480314927,5.272857714823
398,0.3907337188720703,157.29134058952332,0.017105263157894512,2.509842519685037,5.939782098461727
399,0.38980555534362793,157.68381905555725,,,
400,0.39230990409851074,158.0787751674652,3.3855263157894733,1.6240157480314927,5.405172698096773
401,0.39249277114868164,158.4739863872528,3.3855263157894733,1.6240157480314927,5.469511089036707
402,0.39187097549438477,158.86857914924622,3.722368421052632,1.6240157480314927,5.069710431220624
403,0.3930788040161133,159.2644169330597,1.1960526315789473,3.3956692913385815,4.829223455116645
404,0.3929445743560791,159.66001510620117,3.8907894736842117,1.3287401574803148,4.9673198471692706
405,0.39442968368530273,160.05900502204895,0.017105263157894512,5.462598425196848,5.017154694987273
406,0.389664888381958,160.45160007476807,2.5434210526315795,5.167322834645667,5.478997676297018
407,0.39739513397216797,160.85164093971252,3.3855263157894733,-4.872047244094489,5.123577792127622
408,0.3863644599914551,161.24077606201172,,,
409,0.3906066417694092,161.63404989242554,1.3644736842105267,-5.16732283464567,5.1015425204851095
410,0.3909933567047119,162.02763485908508,,,
411,0.3924417495727539,162.42276644706726,5.911842105263158,-5.462598425196852,5.2278268911986565
412,0.3945918083190918,162.8200328350067,7.090789473684211,2.8051181102362186,6.601773188119789
413,0.39713454246520996,163.21988201141357,,,
414,0.392078161239624,163.61461067199707,1.3644736842105267,-5.16732283464567,5.015771037326957
415,0.39451098442077637,164.01173162460327,0.017105263157894512,1.9192913385826742,6.226963361213069
416,0.3925912380218506,164.40697741508484,1.3644736842105267,-4.872047244094489,5.039086220720562
417,0.39248085021972656,164.80212211608887,3.5539473684210527,3.9862204724409445,4.9889857618569895
418,0.38791751861572266,165.19450902938843,3.5539473684210527,-5.16732283464567,5.290202151081416
419,0.39377903938293457,165.59098100662231,4.564473684210526,-4.576771653543307,5.1587790917981255
420,0.3884873390197754,165.98214745521545,0.8592105263157919,5.167322834645667,5.0766497724413355
421,0.39136409759521484,166.37626767158508,0.18552631578947398,3.3956692913385815,5.944736132533332
422,0.3889622688293457,166.76787281036377,,,
423,0.39038848876953125,167.16098737716675,4.564473684210526,-4.576771653543307,4.986824634046738
424,0.39153051376342773,167.55522871017456,7.764473684210529,3.9862204724409445,4.729996175757545
425,0.3948063850402832,167.95269536972046,4.3960526315789465,5.167322834645667,5.154698067284888
426,0.3889126777648926,168.3443284034729,1.3644736842105267,3.9862204724409445,5.0970358814557555
427,0.3925597667694092,168.73957872390747,3.8907894736842117,-5.16732283464567,5.144925717007567
428,0.38573622703552246,169.12799978256226,3.5539473684210527,5.462598425196848,5.11035218535861
429,0.39255356788635254,169.52368927001953,0.5223684210526329,1.6240157480314927,5.764641733695565
430,0.3929312229156494,169.91923451423645,7.090789473684211,-4.281496062992128,4.764541502464635
431,0.3921520709991455,170.3158323764801,0.017105263157894512,-5.462598425196852,6.101705553327
432,0.38791799545288086,170.70643639564514,3.722368421052632,-4.872047244094489,4.98873615620954
433,0.39345574378967285,171.10253238677979,,,
434,0.38884568214416504,171.49411869049072,1.3644736842105267,-3.6909448818897648,5.015926106799177
435,0.39145851135253906,171.88831996917725,3.8907894736842117,-2.805118110236222,6.124102801903854
436,0.3975515365600586,172.2886037826538,1.3644736842105267,4.872047244094485,5.128156120453569
437,0.39074087142944336,172.6820547580719,1.3644736842105267,-1.6240157480314963,4.862867506501358
438,0.38838958740234375,173.07311534881592,,,
439,0.39217400550842285,173.46803450584412,3.3855263157894733,-4.872047244094489,5.206022130485573
440,0.3884432315826416,173.8591070175171,4.7328947368421055,1.6240157480314927,5.209091274179222
441,0.39382028579711914,174.25556635856628,0.017105263157894512,-4.872047244094489,6.049259211944952
442,0.3892252445220947,174.6474630832672,3.8907894736842117,-3.6909448818897648,4.904293858484078
443,0.39353394508361816,175.04371285438538,4.227631578947371,-5.16732283464567,5.072261006109995
444,0.3871293067932129,175.4351212978363,6.585526315789476,-4.576771653543307,5.280198743717022
445,0.3935277462005615,175.8314025402069,1.8697368421052651,-4.281496062992128,5.442644927084498
446,0.3929598331451416,176.2270700931549,,,
447,0.39049696922302246,176.620178937912,,,
448,0.3906395435333252,177.01341342926025,,,
449,0.3933112621307373,177.40941643714905,3.5539473684210527,-5.462598425196852,5.279732336496214
450,0.390242338180542,177.80242133140564,3.2171052631578974,-3.6909448818897648,4.74211410995517
451,0.39297032356262207,178.19810438156128,3.8907894736842117,5.462598425196848,5.185161049297736
452,0.3914456367492676,178.59249305725098,2.375,3.690944881889763,5.226366801753023
453,0.3950083255767822,178.9901430606842,3.8907894736842117,-5.462598425196852,5.07754771434111
454,0.38806939125061035,179.3809208869934,6.080263157894738,4.872047244094485,5.258753131647787
455,0.39026927947998047,179.77390456199646,3.5539473684210527,5.167322834645667,5.182780118838758
456,0.3909461498260498,180.1674885749817,3.5539473684210527,-5.462598425196852,5.4602866454955645
457,0.3911306858062744,180.56138372421265,4.227631578947371,5.462598425196848,5.007982540668015
458,0.3888232707977295,180.9528775215149,,,
459,0.3907434940338135,181.34634256362915,0.8592105263157919,-5.16732283464567,5.056751307895076
460,0.3861525058746338,181.73518991470337,0.6907894736842124,-5.16732283464567,5.121960864803335
461,0.3866121768951416,182.12451815605164,,,
462,0.3869009017944336,182.5141041278839,0.8592105263157919,4.576771653543304,5.096545610131675
463,0.38916897773742676,182.90599608421326,0.8592105263157919,-4.281496062992128,5.125308648682737
464,0.3836238384246826,183.2922899723053,,,
465,0.39014482498168945,183.68512153625488,3.8907894736842117,-1.3287401574803148,5.178962021113398
466,0.3861103057861328,184.0739767551422,3.5539473684210527,-1.3287401574803148,5.13184475795752
467,0.3897573947906494,184.46645975112915,1.8697368421052651,-5.16732283464567,5.437455479957994
468,0.3882014751434326,184.8573431968689,,,
469,0.39605164527893066,185.25605607032776,3.048684210526318,-1.3287401574803148,5.318644227243741
470,0.38923048973083496,185.64792275428772,3.048684210526318,-1.3287401574803148,5.277689459013519
471,0.3859374523162842,186.0365607738495,2.8802631578947384,-1.3287401574803148,5.325677135625191
472,0.3865516185760498,186.42584228515625,2.8802631578947384,-1.3287401574803148,5.605959355082675
473,0.3943061828613281,186.8228359222412,2.8802631578947384,-1.033464566929137,5.272848477360595
474,0.3863823413848877,187.21202898025513,2.5434210526315795,-1.3287401574803148,5.483430550316654
475,0.39103055000305176,187.60607409477234,5.069736842105264,-1.9192913385826778,5.5632501311298865
476,0.3914833068847656,188.00026726722717,7.2592105263157904,-5.462598425196852,4.885807120143236
477,0.3897428512573242,188.39277529716492,0.35394736842105345,5.167322834645667,5.922435725982397
478,0.3883800506591797,188.78385210037231,4.7328947368421055,-1.3287401574803148,5.1596253394961735
479,0.3917362689971924,189.1782524585724,0.18552631578947398,-5.462598425196852,6.0074785590793365
480,0.38950228691101074,189.57044339179993,0.6907894736842124,5.167322834645667,5.021547631213437
481,0.3919196128845215,189.9649863243103,,,
482,0.3933260440826416,190.36100387573242,1.8697368421052651,-1.033464566929137,4.962688439143468
483,0.3885321617126465,190.75225448608398,8.775,-4.872047244094489,4.803848593605504
484,0.3898782730102539,191.14488887786865,3.8907894736842117,3.690944881889763,5.426394894088632
485,0.39058494567871094,191.53818702697754,1.3644736842105267,-4.576771653543307,4.929315192548398
486,0.3882746696472168,191.92913937568665,1.3644736842105267,2.509842519685037,4.850844953616513
487,0.39144182205200195,192.32322669029236,1.1960526315789473,-4.872047244094489,5.784675102792141
488,0.39250731468200684,192.71842455863953,3.722368421052632,-4.281496062992128,5.172042538433995
489,0.39005303382873535,193.11296844482422,3.3855263157894733,3.9862204724409445,4.9263403665871515
490,0.38887786865234375,193.50454545021057,,,
491,0.3942091464996338,193.90149569511414,5.069736842105264,4.281496062992122,5.375669605019271
492,0.3999166488647461,194.30408096313477,8.606578947368423,5.167322834645667,4.722246118690899
493,0.39345669746398926,194.70027208328247,0.6907894736842124,-5.462598425196852,5.20511580572332
494,0.39447951316833496,195.09741735458374,2.711842105263159,4.576771653543304,5.06178962533577
495,0.3939807415008545,195.4941213130951,2.0381578947368446,5.167322834645667,5.023745048974436
496,0.385540246963501,195.88233160972595,7.596052631578949,-5.16732283464567,4.900023923108175
497,0.38788890838623047,196.27299404144287,,,
498,0.38815999031066895,196.66382956504822,1.8697368421052651,0.4429133858267704,5.486651522215655
499,0.3961770534515381,197.06266832351685,3.048684210526318,-5.16732283464567,5.046211398988828
500,0.38740992546081543,197.45279121398926,3.8907894736842117,5.167322834645667,5.575962498686934
501,0.39183950424194336,197.8472921848297,3.5539473684210527,-4.872047244094489,5.03372422514149
502,0.38959527015686035,198.24132585525513,,,
503,0.38852667808532715,198.6325409412384,3.2171052631578974,3.9862204724409445,4.725272093395837
504,0.38596224784851074,199.02120399475098,,,
505,0.3920280933380127,199.41583514213562,6.080263157894738,3.9862204724409445,4.745507914318321
506,0.3871140480041504,199.8056252002716,,,
507,0.39278388023376465,200.2011866569519,0.18552631578947398,4.281496062992122,5.67204552075274
508,0.3880329132080078,200.59190440177917,2.0381578947368446,1.3287401574803148,5.112927516459483
509,0.3911600112915039,200.98573851585388,4.7328947368421055,-2.214566929133859,4.548449109441712
510,0.391815185546875,201.38022661209106,2.711842105263159,0.7381889763779519,5.546401655325409
511,0.3904116153717041,201.7732973098755,2.2065789473684205,1.3287401574803148,5.135898439155183
512,0.39208531379699707,202.16805028915405,2.375,1.3287401574803148,5.1902134300199085
513,0.39316678047180176,202.56395292282104,4.7328947368421055,2.2145669291338557,5.588726149129823
514,0.38915467262268066,202.95567297935486,4.901315789473685,-2.214566929133859,5.582428305031861
515,0.3936944007873535,203.35366797447205,0.6907894736842124,1.9192913385826742,4.753835529638941
516,0.39206480979919434,203.74844002723694,5.911842105263158,4.281496062992122,4.851479042894075
517,0.39211511611938477,204.14322090148926,4.3960526315789465,-3.1003937007874036,4.882623231261259
518,0.3875443935394287,204.53349232673645,2.8802631578947384,1.6240157480314927,5.236986797608576
519,0.39081239700317383,204.92698526382446,3.722368421052632,4.872047244094485,5.0831173367169304
520,0.3861978054046631,205.3162031173706,0.8592105263157919,1.6240157480314927,4.962905527071411
521,0.3886256217956543,205.7074270248413,2.0381578947368446,-5.16732283464567,5.457774772977623
522,0.3928868770599365,206.10296487808228,3.5539473684210527,1.6240157480314927,5.131404844223005
523,0.39400458335876465,206.4996428489685,5.574999999999999,-3.1003937007874036,5.274272245474652
524,0.3920259475708008,206.89432048797607,0.8592105263157919,-5.16732283464567,5.12605293990777
525,0.3924705982208252,207.28949999809265,0.18552631578947398,2.8051181102362186,5.83810503985672
526,0.3910367488861084,207.68312740325928,,,
527,0.39098501205444336,208.0767126083374,7.764473684210529,5.167322834645667,6.134087653540995
528,0.39049863815307617,208.47147464752197,4.227631578947371,1.6240157480314927,5.37280733526931
529,0.3914813995361328,208.8656017780304,,,
530,0.3876805305480957,209.25599241256714,,,
531,0.3893766403198242,209.64804339408875,4.3960526315789465,1.3287401574803148,5.179659506909763
532,0.39044928550720215,210.04120182991028,4.564473684210526,1.3287401574803148,5.301585084785044
533,0.39226198196411133,210.4361252784729,7.090789473684211,3.1003937007874,5.780713500320303
534,0.3876357078552246,210.826425075531,2.711842105263159,4.872047244094485,5.024338837195562
535,0.3908572196960449,211.2199206352234,7.932894736842105,4.576771653543304,4.762316954912344
536,0.38619041442871094,211.60882902145386,0.8592105263157919,-5.462598425196852,5.792344975278415
537,0.3882923126220703,211.99972486495972,0.18552631578947398,4.576771653543304,6.093614876324327
538,0.3906707763671875,212.3930630683899,6.248684210526317,-3.6909448818897648,4.837019449333882
539,0.39104127883911133,212.78672456741333,3.5539473684210527,4.576771653543304,5.11738045815229
540,0.3888404369354248,213.1781988143921,6.585526315789476,-4.576771653543307,4.739567227330732
541,0.3942701816558838,213.5768895149231,3.2171052631578974,5.462598425196848,5.05243666313099
542,0.38434815406799316,213.96402168273926,3.2171052631578974,5.167322834645667,5.18453932183434
543,0.39020466804504395,214.35731434822083,,,
544,0.3905653953552246,214.75063300132751,0.017105263157894512,5.462598425196848,5.990386415232421
545,0.39524340629577637,215.14860033988953,1.1960526315789473,5.167322834645667,4.990452010975048
546,0.3867156505584717,215.53807973861694,4.059210526315791,-4.281496062992128,5.367089187839932
547,0.39392900466918945,215.93465065956116,4.059210526315791,3.690944881889763,4.9018652279531025
548,0.38963890075683594,216.32702231407166,0.5223684210526329,-2.214566929133859,5.683822668089615
549,0.3891479969024658,216.71891045570374,4.059210526315791,-1.033464566929137,5.328820282646218
550,0.38690900802612305,217.10854935646057,1.5328947368421062,5.462598425196848,6.434377244965717
551,0.3931736946105957,217.50444412231445,5.069736842105264,3.9862204724409445,4.817606545907697
552,0.38947439193725586,217.8966100215912,3.3855263157894733,4.281496062992122,5.007096009053078
553,0.3937218189239502,218.2931399345398,7.764473684210529,5.167322834645667,5.220655111146127
554,0.38935112953186035,218.68692660331726,3.722368421052632,-1.3287401574803148,5.474030810048937
555,0.39347362518310547,219.08307003974915,3.5539473684210527,-1.3287401574803148,5.439301011747103
556,0.3873105049133301,219.47311925888062,7.764473684210529,-4.872047244094489,5.032630702469515
557,0.3882005214691162,219.8640534877777,3.3855263157894733,-1.3287401574803148,5.37590991903369
558,0.3862264156341553,220.25290751457214,3.2171052631578974,-1.3287401574803148,5.41820416380374
559,0.3865630626678467,220.6422140598297,1.8697368421052651,1.6240157480314927,5.777939856603609
560,0.3911714553833008,221.03601741790771,,,
561,0.39794301986694336,221.43666124343872,6.9223684210526315,-5.462598425196852,5.052745789977019
562,0.3867025375366211,221.82608652114868,0.6907894736842124,-2.805118110236222,5.0207745273778155
563,0.39363622665405273,222.22237253189087,2.375,-1.3287401574803148,5.62732147943575
564,0.3902404308319092,222.6152946949005,2.2065789473684205,-1.3287401574803148,5.591370712350975
565,0.3921170234680176,223.01005363464355,2.2065789473684205,-1.033464566929137,5.362804191974106
566,0.3874790668487549,223.40038299560547,2.0381578947368446,-1.033464566929137,5.426291142625059
567,0.3932638168334961,223.79795002937317,6.9223684210526315,-2.805118110236222,5.451513281272408
568,0.3910098075866699,224.19159412384033,5.743421052631579,-4.576771653543307,4.913029240435157
569,0.388120174407959,224.58234786987305,,,
570,0.3904542922973633,224.97542142868042,3.8907894736842117,4.872047244094485,5.029374045268021
571,0.3933124542236328,225.37133765220642,,,
572,0.390026330947876,225.7640519142151,6.248684210526317,-5.462598425196852,5.023219813950906
573,0.3944580554962158,226.1611306667328,4.7328947368421055,-5.462598425196852,6.756378286964084
574,0.3889920711517334,226.55285096168518,1.7013157894736857,5.462598425196848,5.138712628529841
575,0.3927488327026367,226.94830203056335,6.753947368421052,-5.462598425196852,5.229848555636776
576,0.3873896598815918,227.3382589817047,,,
577,0.389751672744751,227.73062300682068,3.3855263157894733,4.281496062992122,4.921001115998933
578,0.39200448989868164,228.1252269744873,5.238157894736844,-4.281496062992128,5.026285146577056
579,0.3938107490539551,228.52169966697693,7.596052631578949,3.690944881889763,5.366078717502063
580,0.3894321918487549,228.9154188632965,,,
581,0.39220643043518066,229.31030654907227,2.2065789473684205,-5.462598425196852,4.981662477380366
582,0.38833165168762207,229.70134711265564,0.017105263157894512,4.281496062992122,5.8792093731392665
583,0.38904643058776855,230.09305262565613,0.8592105263157919,-0.442913385826774,5.865798055758224
584,0.39357757568359375,230.48929905891418,2.711842105263159,1.3287401574803148,5.369406108557722
585,0.3904120922088623,230.88237810134888,2.711842105263159,1.3287401574803148,5.246602824824135
586,0.39109277725219727,231.2762007713318,,,
587,0.3932631015777588,231.67215132713318,2.711842105263159,1.3287401574803148,5.329155637827631
588,0.3871598243713379,232.06229305267334,2.711842105263159,1.3287401574803148,5.145903196999335
589,0.3949742317199707,232.45989513397217,3.048684210526318,1.3287401574803148,5.3942336911327615
590,0.3894798755645752,232.8521282672882,1.0276315789473678,-5.462598425196852,5.584463344717017
591,0.3923013210296631,233.247083902359,3.048684210526318,1.6240157480314927,5.333432140443463
592,0.39149904251098633,233.64126467704773,3.2171052631578974,1.6240157480314927,5.7478895905216465
593,0.3874521255493164,234.0329430103302,3.722368421052632,5.462598425196848,4.951006331385753
594,0.391430139541626,234.4270372390747,0.5223684210526329,1.3287401574803148,5.699201982181958
595,0.3904306888580322,234.8200945854187,0.8592105263157919,-3.1003937007874036,4.876715437214908
596,0.3843221664428711,235.20702028274536,5.911842105263158,-3.1003937007874036,6.330691557676262
597,0.39321470260620117,235.60289001464844,3.8907894736842117,1.3287401574803148,5.34361946251738
598,0.38394999504089355,235.98950862884521,3.8907894736842117,1.3287401574803148,5.4032212414315035
599,0.39180922508239746,236.3839361667633,2.375,4.872047244094485,5.477336270973798
600,0.38928985595703125,236.77590441703796,3.3855263157894733,4.281496062992122,5.087527927729279
601,0.39367103576660156,237.17227745056152,3.3855263157894733,-5.462598425196852,5.250662150728158
602,0.3888876438140869,237.56384921073914,,,
603,0.392641544342041,237.9591941833496,4.3960526315789465,1.3287401574803148,5.300151690673603
604,0.3887672424316406,238.35065340995789,,,
605,0.38765549659729004,238.7409737110138,1.8697368421052651,-1.9192913385826778,5.536965480918528
606,0.3895087242126465,239.13490915298462,0.017105263157894512,-3.1003937007874036,5.660105916703914
607,0.39262866973876953,239.53023433685303,0.8592105263157919,5.462598425196848,5.043138016919785
608,0.38436293601989746,239.91729307174683,0.8592105263157919,5.462598425196848,5.021569033126077
609,0.3893613815307617,240.3093855381012,3.5539473684210527,-5.16732283464567,5.079865761488551
610,0.3865935802459717,240.69865679740906,4.564473684210526,3.690944881889763,4.9103737117302115
611,0.38768529891967773,241.08949494361877,,,
612,0.3897256851196289,241.48188066482544,5.911842105263158,-4.872047244094489,5.1039515481736455
613,0.39119386672973633,241.87573218345642,0.35394736842105345,-1.6240157480314963,5.805644426837607
614,0.39240050315856934,242.27082777023315,8.438157894736843,5.462598425196848,4.957984748275177
615,0.3912220001220703,242.6647434234619,3.048684210526318,3.690944881889763,5.501316701858853
616,0.3912777900695801,243.05870032310486,,,
617,0.3872056007385254,243.44851922988892,,,
618,0.390181303024292,243.84145951271057,0.5223684210526329,5.167322834645667,4.781228732186287
619,0.3871598243713379,244.2329044342041,1.7013157894736857,-5.16732283464567,6.37323640626936
620,0.38781046867370605,244.62347531318665,1.3644736842105267,5.167322834645667,5.040904242644273
621,0.39522838592529297,245.02132844924927,3.5539473684210527,5.462598425196848,5.071863445885956
622,0.3896780014038086,245.41365718841553,1.5328947368421062,-4.281496062992128,5.610242675050152
623,0.3922312259674072,245.80855536460876,0.5223684210526329,5.167322834645667,5.003543359942764
624,0.38739562034606934,246.19851660728455,0.8592105263157919,3.1003937007874,4.926221944718568
625,0.38983726501464844,246.5909960269928,0.18552631578947398,-5.462598425196852,5.8096262779884285
626,0.3851346969604492,246.97880935668945,1.1960526315789473,1.6240157480314927,4.822924761288403
627,0.38837599754333496,247.36993169784546,3.2171052631578974,-1.3287401574803148,5.378845662123092
628,0.38641786575317383,247.75901341438293,0.35394736842105345,4.576771653543304,6.05383457506221
629,0.39344143867492676,248.1552233695984,2.711842105263159,4.281496062992122,5.305362103730698
630,0.39423656463623047,248.5522472858429,0.8592105263157919,-4.872047244094489,5.193497766432459
631,0.39185500144958496,248.94675707817078,0.8592105263157919,-1.9192913385826778,4.815066176650047
632,0.39176511764526367,249.34301853179932,0.35394736842105345,-5.16732283464567,5.094401207368189
633,0.38939785957336426,249.73510813713074,1.3644736842105267,-5.16732283464567,5.039086456006509
634,0.3867454528808594,250.12470650672913,3.5539473684210527,-4.872047244094489,5.08623884465028
635,0.39231276512145996,250.51966977119446,1.1960526315789473,-4.576771653543307,4.996636038972999
636,0.3888967037200928,250.91116619110107,0.017105263157894512,-0.7381889763779554,6.031712446695024
637,0.3984076976776123,251.31244277954102,3.722368421052632,-5.16732283464567,5.049896238767349
638,0.38728904724121094,251.70240306854248,0.8592105263157919,0.14763779527558896,5.827402718478081
639,0.3907430171966553,252.0957760810852,6.080263157894738,4.576771653543304,4.96809898776048
640,0.3881337642669678,252.48659873008728,1.5328947368421062,4.576771653543304,5.633648294266979
641,0.3925149440765381,252.88177490234375,3.3855263157894733,4.281496062992122,5.014473179738805
642,0.3879117965698242,253.2724003791809,,,
643,0.39618706703186035,253.67125368118286,3.722368421052632,-4.872047244094489,5.291001523806432
644,0.3901236057281494,254.06398940086365,1.5328947368421062,-1.3287401574803148,5.351316111362495
645,0.3913722038269043,254.45973181724548,,,
646,0.3893578052520752,254.8517360687256,5.911842105263158,-3.1003937007874036,4.588320015967629
647,0.38932132720947266,255.243834733963,0.8592105263157919,-5.16732283464567,5.218698841431771
648,0.38669562339782715,255.633220911026,0.35394736842105345,-3.1003937007874036,5.6489928438135095
649,0.3897576332092285,256.0255653858185,,,
650,0.39069294929504395,256.4189088344574,0.8592105263157919,-5.16732283464567,5.128129236536467
651,0.39389920234680176,256.81548285484314,2.2065789473684205,4.872047244094485,5.577119077319523
652,0.39145421981811523,257.20960998535156,0.017105263157894512,-5.16732283464567,5.930399554366936
653,0.39209914207458496,257.6044099330902,4.227631578947371,-4.576771653543307,4.979100445987822
654,0.3899655342102051,257.9970817565918,3.3855263157894733,-5.462598425196852,5.337069982476616
655,0.3933906555175781,258.39327001571655,1.3644736842105267,-4.872047244094489,5.033090656582578
656,0.39124417304992676,258.78722763061523,3.5539473684210527,5.462598425196848,5.121623876227634
657,0.3925137519836426,259.1828308105469,0.8592105263157919,1.9192913385826742,4.812034636085382
658,0.3913872241973877,259.57866621017456,1.3644736842105267,4.576771653543304,4.830893687183823
659,0.38918280601501465,259.9705698490143,0.017105263157894512,-5.462598425196852,5.910883776707032
660,0.3945322036743164,260.36778569221497,4.059210526315791,5.462598425196848,5.016333014819206
661,0.38817477226257324,260.75862288475037,0.18552631578947398,5.462598425196848,5.846053145057382
662,0.3900411128997803,261.15134835243225,0.8592105263157919,-5.462598425196852,5.020253109620156
663,0.39009785652160645,261.54412484169006,6.417105263157897,5.462598425196848,5.756381213856845
664,0.38976240158081055,261.9365849494934,7.090789473684211,5.462598425196848,5.11355950687112
665,0.3877999782562256,262.32709646224976,6.585526315789476,-4.576771653543307,6.071038718475154
666,0.39247798919677734,262.72221064567566,,,
667,0.394484281539917,263.1193277835846,0.5223684210526329,-4.576771653543307,4.8940243677162965
668,0.3914530277252197,263.51349568367004,0.35394736842105345,-2.5098425196850407,5.6870803173635815
669,0.3915388584136963,263.90768814086914,4.901315789473685,1.6240157480314927,4.885339357171952
670,0.390592098236084,264.3009922504425,2.375,1.3287401574803148,5.0917662805483115
671,0.3913421630859375,264.69668769836426,0.35394736842105345,-5.462598425196852,6.017457903414252
672,0.390749454498291,265.09009766578674,3.3855263157894733,-4.872047244094489,5.088355174065682
673,0.3883063793182373,265.4810769557953,2.711842105263159,-5.16732283464567,5.01351293761175
674,0.3870232105255127,265.870751619339,,,
675,0.39109349250793457,266.26462268829346,,,
676,0.39097070693969727,266.6582989692688,2.8802631578947384,1.3287401574803148,5.058947796373337
677,0.39343905448913574,267.0543563365936,3.2171052631578974,1.3287401574803148,5.129972325293814
678,0.3890213966369629,267.4460279941559,5.743421052631579,1.6240157480314927,4.921077420066367
679,0.39409828186035156,267.843222618103,3.2171052631578974,1.3287401574803148,5.110785496043422
680,0.39085912704467773,268.23678374290466,,,
681,0.3934037685394287,268.6329696178436,0.8592105263157919,-4.576771653543307,5.097821483773682
682,0.39084339141845703,269.0264172554016,6.248684210526317,-4.872047244094489,5.291865056530768
683,0.39492225646972656,269.42403197288513,,,
684,0.38861846923828125,269.8169023990631,,,
685,0.3886880874633789,270.2083246707916,,,
686,0.3891890048980713,270.6001672744751,0.017105263157894512,5.462598425196848,5.817604821688624
687,0.3923983573913574,270.9953167438507,6.080263157894738,-5.462598425196852,5.056467244892195
688,0.3875916004180908,271.3856258392334,7.596052631578949,-2.5098425196850407,6.775961668418321
689,0.3924136161804199,271.7806718349457,8.101315789473684,-4.281496062992128,4.904977683289025
690,0.3912198543548584,272.17453122138977,5.911842105263158,-4.281496062992128,4.9097374194481755
691,0.3898899555206299,272.5671195983887,3.3855263157894733,5.462598425196848,5.600944686942755
692,0.39036035537719727,272.9601275920868,4.3960526315789465,3.9862204724409445,4.789561658436327
693,0.3906707763671875,273.35353112220764,1.0276315789473678,-4.576771653543307,5.032724062732603
694,0.3910694122314453,273.747216463089,,,
695,0.39144277572631836,274.14125657081604,0.8592105263157919,-2.5098425196850407,4.893641758849912
696,0.3901076316833496,274.5340373516083,0.8592105263157919,-5.462598425196852,5.072891430933943
697,0.39423656463623047,274.93250250816345,4.3960526315789465,5.462598425196848,5.288137394835777
698,0.38886094093322754,275.32415795326233,1.1960526315789473,4.281496062992122,5.619803247968678
699,0.39294862747192383,275.7197594642639,2.8802631578947384,-1.033464566929137,5.139504621512961
700,0.39119505882263184,276.1136620044708,3.048684210526318,-5.462598425196852,5.124266123309419
701,0.3935723304748535,276.50989747047424,2.711842105263159,-1.033464566929137,5.430463831019605
702,0.38950061798095703,276.90226888656616,,,
703,0.3926374912261963,277.297598361969,3.722368421052632,-5.462598425196852,5.089387817373282
704,0.38935041427612305,277.6895685195923,4.7328947368421055,4.576771653543304,4.848528186273906
705,0.3901848793029785,278.08232593536377,,,
706,0.3895142078399658,278.4745132923126,4.3960526315789465,5.462598425196848,4.894734060334788
707,0.3914003372192383,278.8685965538025,0.35394736842105345,-5.462598425196852,5.721330818369857
708,0.39036107063293457,279.2616488933563,6.248684210526317,2.8051181102362186,5.022062251093631
709,0.3897972106933594,279.65413665771484,,,
710,0.38489198684692383,280.0433931350708,6.9223684210526315,5.462598425196848,4.875122317543824
711,0.39548444747924805,280.4415283203125,1.7013157894736857,3.9862204724409445,6.452057690004881
712,0.3919975757598877,280.8361918926239,6.417105263157897,-5.16732283464567,4.875693173041091
713,0.3912320137023926,281.2300717830658,,,
714,0.3899805545806885,281.62268900871277,,,
715,0.39142942428588867,282.01682114601135,1.1960526315789473,4.576771653543304,5.216616012874097
716,0.3898122310638428,282.40941309928894,1.5328947368421062,-3.1003937007874036,5.090525917832819
717,0.3910512924194336,282.8031084537506,0.017105263157894512,-4.576771653543307,5.877606482678558
718,0.3911888599395752,283.19703221321106,4.059210526315791,5.167322834645667,4.893137732212685
719,0.39199256896972656,283.5916907787323,4.059210526315791,5.462598425196848,4.928770800431188
720,0.38852357864379883,283.9829053878784,7.932894736842105,0.4429133858267704,5.425297701035458
721,0.39185619354248047,284.37752079963684,7.932894736842105,2.8051181102362186,5.487556861235578
722,0.3902924060821533,284.7704186439514,,,
723,0.38959693908691406,285.1643605232239,1.3644736842105267,5.462598425196848,5.109338258336994
724,0.3891725540161133,285.556161403656,3.3855263157894733,4.576771653543304,4.723923770484612
725,0.3895998001098633,285.9488151073456,1.8697368421052651,4.281496062992122,5.023364546004104
726,0.38614654541015625,286.33762311935425,,,
727,0.3932833671569824,286.73354959487915,6.417105263157897,3.9862204724409445,4.844107698175748
728,0.39183568954467773,287.1280539035797,2.8802631578947384,2.8051181102362186,5.622260354570949
729,0.3940098285675049,287.5247178077698,,,
730,0.38944578170776367,287.9168918132782,6.248684210526317,-4.872047244094489,5.226480145736621
731,0.39023542404174805,288.30982518196106,1.3644736842105267,-5.462598425196852,5.221004114329102
732,0.39045166969299316,288.70294737815857,8.101315789473684,2.509842519685037,5.453888819614918
733,0.39424586296081543,289.0998184680939,0.8592105263157919,-4.281496062992128,5.055751726120441
734,0.38835692405700684,289.4908068180084,,,
735,0.3927614688873291,289.88621759414673,3.3855263157894733,4.576771653543304,5.046443694554386
736,0.3898200988769531,290.28039360046387,4.7328947368421055,-5.462598425196852,5.158660724463336
737,0.39060044288635254,290.67366099357605,6.9223684210526315,-5.16732283464567,5.302285017923811
738,0.3866102695465088,291.06286907196045,,,
739,0.3891141414642334,291.4546902179718,3.5539473684210527,5.462598425196848,5.019639324052073
740,0.386829137802124,291.84415435791016,,,
741,0.3896317481994629,292.2365343570709,1.3644736842105267,3.1003937007874,4.766822549363103
742,0.38790369033813477,292.6270754337311,7.596052631578949,5.462598425196848,5.078254188690387
743,0.3949160575866699,293.0246512889862,4.901315789473685,-4.872047244094489,5.696641377628849
744,0.3886291980743408,293.41604495048523,7.932894736842105,4.281496062992122,5.053599591662285
745,0.3933441638946533,293.8121066093445,1.8697368421052651,-0.7381889763779554,5.157080698835431
746,0.38556528091430664,294.2004110813141,1.7013157894736857,-1.033464566929137,5.226450955613506
747,0.39602088928222656,294.5990891456604,,,
748,0.3895292282104492,294.99174070358276,3.722368421052632,-5.462598425196852,5.0696834661829255
749,0.38935089111328125,295.3854579925537,1.5328947368421062,-0.7381889763779554,5.094450606453224
750,0.3901386260986328,295.7783010005951,3.3855263157894733,5.167322834645667,4.9988288393204625
751,0.3896183967590332,296.170551776886,,,
752,0.39287424087524414,296.56609988212585,3.3855263157894733,5.167322834645667,5.223710111884608
753,0.3907952308654785,296.9595205783844,2.2065789473684205,0.7381889763779519,5.775008397926296
754,0.39171314239501953,297.3540062904358,1.1960526315789473,5.462598425196848,5.203257741166808
755,0.3925795555114746,297.7491931915283,,,
756,0.3871779441833496,298.1389741897583,3.3855263157894733,-3.3956692913385833,4.947106052618951
757,0.3909752368927002,298.532586812973,,,
758,0.3919405937194824,298.92716813087463,1.3644736842105267,-5.16732283464567,5.099977044278982
759,0.39137744903564453,299.32127261161804,1.1960526315789473,-4.872047244094489,5.451551946657465
760,0.3857088088989258,299.7096483707428,,,
761,0.3918344974517822,300.10411047935486,,,
762,0.38849854469299316,300.49697065353394,7.42763157894737,-5.462598425196852,5.017033484498595
763,0.3888213634490967,300.88847279548645,,,
764,0.39417409896850586,301.2854073047638,1.1960526315789473,3.690944881889763,5.322875020974228
765,0.3911728858947754,301.6793134212494,1.3644736842105267,-1.6240157480314963,4.91777307891644
766,0.3884131908416748,302.0704393386841,,,
767,0.39219212532043457,302.46535563468933,3.2171052631578974,-4.576771653543307,5.688834070370972
768,0.39057111740112305,302.8586332798004,1.1960526315789473,4.576771653543304,5.171817798744031
769,0.39098691940307617,303.2522916793823,6.080263157894738,3.3956692913385815,4.758358380505843
770,0.3895115852355957,303.6448619365692,1.0276315789473678,-3.9862204724409462,5.141285241202064
771,0.39341020584106445,304.04093527793884,1.0276315789473678,-4.872047244094489,5.151697449887306
772,0.3916780948638916,304.43533277511597,7.42763157894737,-3.3956692913385833,4.777487665894484
773,0.3940420150756836,304.8321213722229,6.9223684210526315,-4.576771653543307,4.838585265806711
774,0.3878178596496582,305.2226047515869,5.406578947368423,4.872047244094485,5.618874407835912
775,0.39627695083618164,305.6233570575714,,,
776,0.38902902603149414,306.015020608902,1.1960526315789473,4.872047244094485,5.720591590148431
777,0.3927342891693115,306.4104871749878,,,
778,0.3916661739349365,306.80496168136597,3.2171052631578974,-1.9192913385826778,5.605487097252614
779,0.3935861587524414,307.2012994289398,2.8802631578947384,-5.16732283464567,5.147828539064444
780,0.3914189338684082,307.5953879356384,0.35394736842105345,5.462598425196848,6.616309382812818
781,0.3953402042388916,307.9934666156769,6.417105263157897,-5.16732283464567,5.068970523459307
782,0.390655517578125,308.3868248462677,1.5328947368421062,-2.5098425196850407,4.934560291757942
783,0.39174556732177734,308.7812612056732,,,
784,0.39032554626464844,309.1742684841156,0.8592105263157919,5.462598425196848,4.9273990960067575
785,0.38974499702453613,309.5665957927704,,,
786,0.3855149745941162,309.9547772407532,0.017105263157894512,-5.462598425196852,5.917895768548344
787,0.3905029296875,310.3480033874512,,,
788,0.39035797119140625,310.74264693260193,1.5328947368421062,-5.16732283464567,5.224137385809951
789,0.39067935943603516,311.1359157562256,,,
790,0.3883533477783203,311.5269329547882,,,
791,0.39336276054382324,311.92290782928467,0.18552631578947398,-5.462598425196852,5.225510089666326
792,0.3865230083465576,312.3121211528778,,,
793,0.390592098236084,312.7058205604553,6.417105263157897,-3.9862204724409462,4.728685917540353
794,0.391216516494751,313.09955406188965,,,
795,0.3892960548400879,313.4915211200714,2.711842105263159,-5.16732283464567,4.924480638247769
796,0.3910350799560547,313.88526010513306,3.722368421052632,4.281496062992122,4.905413251444567
797,0.3883178234100342,314.2762908935547,,,
798,0.3940584659576416,314.6729483604431,,,
799,0.39333677291870117,315.0689549446106,8.269736842105264,-4.576771653543307,5.128853596760874
800,0.38900041580200195,315.46066975593567,1.7013157894736857,1.0334645669291334,5.120207088095423
801,0.3912224769592285,315.8561849594116,0.6907894736842124,4.576771653543304,5.667295526991765
802,0.3898963928222656,316.2486593723297,1.3644736842105267,5.462598425196848,4.890347420408765
803,0.39060354232788086,316.6419026851654,4.3960526315789465,-3.1003937007874036,6.148642010814653
804,0.3922436237335205,317.0367410182953,,,
805,0.3909931182861328,317.4304051399231,2.2065789473684205,1.3287401574803148,5.367443356960496
806,0.39072537422180176,317.823744058609,0.017105263157894512,2.509842519685037,5.977888315845044
807,0.38900232315063477,318.2153789997101,0.8592105263157919,4.872047244094485,5.044654359950776
808,0.3895869255065918,318.6076180934906,7.764473684210529,4.872047244094485,4.688282824192596
809,0.3904547691345215,319.0007174015045,0.017105263157894512,2.509842519685037,6.039672300343763
810,0.38800477981567383,319.39137148857117,3.8907894736842117,5.167322834645667,5.055310352869508
811,0.39415788650512695,319.78820967674255,2.711842105263159,1.3287401574803148,5.11695032847893
812,0.38527917861938477,320.1760709285736,6.585526315789476,-3.6909448818897648,5.157212824171476
813,0.39229488372802734,320.5709776878357,6.9223684210526315,5.462598425196848,5.160131577203793
814,0.3884758949279785,320.9637038707733,0.6907894736842124,4.872047244094485,5.0031258631944535
815,0.39306163787841797,321.3594448566437,3.3855263157894733,1.3287401574803148,4.8883394772231235
816,0.3906733989715576,321.75306248664856,3.5539473684210527,5.167322834645667,4.997974089169719
817,0.38918185234069824,322.1448040008545,1.1960526315789473,5.462598425196848,4.960766678797761
818,0.3891582489013672,322.53661036491394,3.3855263157894733,-4.872047244094489,5.162302100692735
819,0.39191126823425293,322.93114137649536,6.9223684210526315,-5.462598425196852,4.949707381403779
820,0.391190767288208,323.32504773139954,4.564473684210526,-1.9192913385826778,5.1898538062816755
821,0.3894686698913574,323.717227935791,0.017105263157894512,5.462598425196848,5.014928730324069
822,0.3903021812438965,324.1101927757263,0.017105263157894512,-5.462598425196852,6.213295313199074
823,0.39092063903808594,324.5037331581116,,,
824,0.38875579833984375,324.8950493335724,0.35394736842105345,-3.1003937007874036,5.63067474399622
825,0.39183712005615234,325.2895987033844,1.1960526315789473,5.167322834645667,4.926534978586114
826,0.38851165771484375,325.6808319091797,4.059210526315791,-5.16732283464567,6.250780820741655
827,0.39603519439697266,326.0811846256256,6.585526315789476,1.9192913385826742,4.95666867733854
828,0.38829493522644043,326.4721279144287,,,
829,0.3911409378051758,326.86593651771545,0.017105263157894512,0.14763779527558896,5.876275930946217
830,0.38999414443969727,327.2585508823395,6.585526315789476,1.3287401574803148,4.752038807198726
831,0.39153289794921875,327.65274810791016,4.564473684210526,1.6240157480314927,5.133833553629561
832,0.38823962211608887,328.0435788631439,,,
833,0.38976430892944336,328.4360110759735,0.8592105263157919,3.1003937007874,4.97747622689547
834,0.3915698528289795,328.830180644989,0.8592105263157919,4.872047244094485,5.139120112011469
835,0.39218831062316895,329.2249267101288,3.2171052631578974,-3.6909448818897648,5.400430276785004
836,0.38808536529541016,329.6156370639801,,,
837,0.3950669765472412,330.01334047317505,3.3855263157894733,-5.462598425196852,5.195697496254856
838,0.3844482898712158,330.40089654922485,3.3855263157894733,4.872047244094485,5.119962222933949
839,0.39435768127441406,330.79796600341797,1.1960526315789473,-5.462598425196852,4.976333008009531
840,0.3874537944793701,331.18956780433655,3.2171052631578974,5.167322834645667,5.098485919283476
841,0.38981080055236816,331.5821363925934,2.8802631578947384,-5.462598425196852,5.170697520515985
842,0.3919224739074707,331.97667598724365,4.227631578947371,5.167322834645667,5.011601460284176
843,0.3897709846496582,332.3691916465759,3.722368421052632,4.872047244094485,5.472587471050797
844,0.3927299976348877,332.7645306587219,3.2171052631578974,5.167322834645667,5.032313600307174
845,0.3897056579589844,333.1569082736969,0.35394736842105345,-2.214566929133859,5.576644488484322
846,0.38881826400756836,333.54845690727234,4.059210526315791,-5.16732283464567,5.001411436803562
847,0.393843412399292,333.94494104385376,4.3960526315789465,1.6240157480314927,5.371447208988142
848,0.388582706451416,334.33622193336487,3.5539473684210527,-5.16732283464567,5.162020868001638
849,0.394026517868042,334.73291301727295,,,
850,0.3908262252807617,335.12639713287354,8.775,-5.462598425196852,4.8662283053364845
851,0.39327239990234375,335.52231097221375,7.090789473684211,4.872047244094485,5.022920527983071
852,0.38850855827331543,335.913489818573,6.417105263157897,-3.6909448818897648,5.245768741620664
853,0.3939173221588135,336.31164479255676,4.3960526315789465,-1.033464566929137,5.127460807599259
854,0.38867855072021484,336.70289421081543,,,
855,0.39034414291381836,337.09579634666443,0.017105263157894512,5.462598425196848,5.889295696813761
856,0.39339327812194824,337.4918553829193,4.059210526315791,-1.3287401574803148,5.339684695515243
857,0.39127564430236816,337.8857321739197,,,
858,0.3902261257171631,338.2786133289337,3.5539473684210527,-2.805118110236222,5.44330814816523
859,0.3906586170196533,338.6718535423279,,,
860,0.39311861991882324,339.06754302978516,3.722368421052632,-5.16732283464567,5.23285711933592
861,0.391345739364624,339.46202206611633,3.3855263157894733,-1.3287401574803148,5.39242279143853
862,0.3889918327331543,339.85366344451904,3.2171052631578974,-1.3287401574803148,5.4163703457456664
863,0.39048051834106445,340.2467312812805,3.048684210526318,-1.3287401574803148,5.505887136971931
864,0.3898193836212158,340.6391541957855,2.8802631578947384,-1.6240157480314963,5.614319656977856
865,0.3920016288757324,341.03375697135925,2.8802631578947384,-1.3287401574803148,5.6277850818815285
866,0.3899672031402588,341.4280836582184,2.711842105263159,4.872047244094485,5.61665948556609
867,0.39493417739868164,341.8256618976593,2.5434210526315795,-1.3287401574803148,5.638513603789877
868,0.38915562629699707,342.21742153167725,,,
869,0.3925282955169678,342.61260771751404,2.375,-1.3287401574803148,5.488022677343395
870,0.3912007808685303,343.0064001083374,,,
871,0.3915870189666748,343.4006838798523,2.2065789473684205,-1.033464566929137,5.350970747285889
872,0.38649892807006836,343.7898271083832,,,
873,0.3927452564239502,344.1852271556854,2.375,1.3287401574803148,5.255668346275078
874,0.3911166191101074,344.57894134521484,1.5328947368421062,-1.9192913385826778,5.142555203417706
875,0.3916194438934326,344.9731731414795,,,
876,0.3859567642211914,345.3618178367615,6.9223684210526315,4.576771653543304,5.234941582715883
877,0.39295530319213867,345.75739312171936,6.248684210526317,-4.576771653543307,5.099573917671885
878,0.3877701759338379,346.1476638317108,0.5223684210526329,5.167322834645667,6.110808088352075
879,0.3946847915649414,346.54659819602966,1.5328947368421062,4.872047244094485,5.224206414935358
880,0.39245033264160156,346.9417805671692,1.3644736842105267,5.167322834645667,5.302256361514301
881,0.39116907119750977,347.33562111854553,,,
882,0.3923482894897461,347.73058128356934,0.35394736842105345,5.167322834645667,6.3199341788813275
883,0.3952748775482178,348.12841868400574,1.3644736842105267,-4.872047244094489,5.13056424895765
884,0.39165496826171875,348.52307415008545,3.2171052631578974,1.9192913385826742,5.087203362049287
885,0.3901848793029785,348.91586685180664,,,
886,0.3888359069824219,349.30736899375916,1.5328947368421062,-5.16732283464567,5.114392570284014
887,0.3936946392059326,349.7037048339844,3.722368421052632,1.6240157480314927,5.167177325859868
888,0.39214396476745605,350.098397731781,4.227631578947371,-5.462598425196852,5.217015917305835
889,0.3939995765686035,350.49501752853394,,,
890,0.39330148696899414,350.8908693790436,1.0276315789473678,5.462598425196848,5.546197857698612
891,0.3891277313232422,351.28268027305603,4.901315789473685,5.462598425196848,5.555503594981539
892,0.38642144203186035,351.6732597351074,,,
893,0.3919687271118164,352.0677909851074,,,
894,0.3894970417022705,352.4598877429962,,,
895,0.3952488899230957,352.8577709197998,,,
896,0.39552855491638184,353.2558636665344,1.0276315789473678,3.9862204724409445,5.364381453071125
897,0.3951599597930908,353.65377259254456,1.7013157894736857,2.8051181102362186,5.081677572428208
898,0.3933382034301758,354.0496606826782,5.069736842105264,-3.6909448818897648,5.759604127058176
899,0.38884615898132324,354.44115352630615,1.1960526315789473,5.167322834645667,5.391560910566858
900,0.3904383182525635,354.83429622650146,3.2171052631578974,-1.9192913385826778,5.240908902099894
901,0.3934147357940674,355.23027443885803,0.35394736842105345,1.6240157480314927,6.190190883693432
902,0.39344167709350586,355.6263813972473,4.3960526315789465,-5.462598425196852,5.131232321174098
903,0.39583468437194824,356.024934053421,0.8592105263157919,-4.872047244094489,5.203966177276381
904,0.38959193229675293,356.4171452522278,,,
905,0.3972165584564209,356.8186445236206,6.417105263157897,-5.462598425196852,5.939850509599324
906,0.39119815826416016,357.2124536037445,3.2171052631578974,-4.872047244094489,5.124150444539425
907,0.3926830291748047,357.6081168651581,1.8697368421052651,1.3287401574803148,5.261993649917483
908,0.3915560245513916,358.00227189064026,0.8592105263157919,-4.281496062992128,5.1286009095799665
909,0.38994264602661133,358.3948595523834,4.564473684210526,2.509842519685037,4.867289315677073
910,0.38681626319885254,358.78439712524414,2.2065789473684205,-1.3287401574803148,5.0900189759551875
911,0.39110493659973145,359.17811918258667,2.0381578947368446,1.3287401574803148,5.3538067762774775
912,0.3910391330718994,359.5718159675598,,,
913,0.3940005302429199,359.96847224235535,7.42763157894737,2.2145669291338557,4.998841002618303
914,0.39019250869750977,360.36140298843384,2.0381578947368446,4.576771653543304,5.58712196436545
915,0.39013147354125977,360.7541711330414,7.932894736842105,2.2145669291338557,5.137620513030306
916,0.3890101909637451,361.1458122730255,4.059210526315791,-3.6909448818897648,5.799175356201112
917,0.391552209854126,361.54007625579834,,,
918,0.38468408584594727,361.92737770080566,,,
919,0.3948397636413574,362.32488489151,3.048684210526318,1.6240157480314927,5.332524969262227
920,0.389693021774292,362.7172248363495,3.048684210526318,1.6240157480314927,5.37246704876275
921,0.38982248306274414,363.10971784591675,0.18552631578947398,-0.1476377952755925,5.8696180888715075
922,0.3879988193511963,363.5004050731659,3.3855263157894733,1.6240157480314927,5.407030167608509
923,0.3883805274963379,363.89143562316895,3.5539473684210527,1.6240157480314927,5.3893007040387655
924,0.39069247245788574,364.28494596481323,1.3644736842105267,5.167322834645667,5.633395085716809
925,0.386401891708374,364.6739799976349,3.8907894736842117,-5.462598425196852,5.077588382687196
926,0.3920581340789795,365.0686774253845,0.8592105263157919,-2.214566929133859,4.990558892457138
927,0.39226603507995605,365.4635925292969,5.911842105263158,4.872047244094485,5.321113952799345
928,0.3875291347503662,365.853835105896,0.35394736842105345,-5.16732283464567,5.788011403667582
929,0.3924534320831299,366.24922823905945,1.1960526315789473,-4.281496062992128,4.959995923284953
930,0.387758731842041,366.6396017074585,,,
931,0.38956212997436523,367.0334544181824,2.8802631578947384,5.462598425196848,5.016812420110189
932,0.3915433883666992,367.4276592731476,3.3855263157894733,-4.872047244094489,5.08791029862896
933,0.3913257122039795,367.8216645717621,3.3855263157894733,5.462598425196848,5.028674325586163
934,0.4081382751464844,368.23267674446106,3.722368421052632,-3.6909448818897648,4.86411688522963
935,0.4132823944091797,368.64891362190247,,,
936,0.3926534652709961,369.04424691200256,3.3855263157894733,-5.462598425196852,5.228513276263547
937,0.3901374340057373,369.4371249675751,6.753947368421052,5.462598425196848,5.195060993343868
938,0.3878631591796875,369.827650308609,0.8592105263157919,4.872047244094485,5.008486303929167
939,0.3926429748535156,370.2228412628174,,,
940,0.38962864875793457,370.6150977611542,4.901315789473685,4.872047244094485,4.8901131948954975
941,0.3925306797027588,371.0102970600128,0.8592105263157919,-1.6240157480314963,6.787134359597313
942,0.39290595054626465,371.4058952331543,0.35394736842105345,5.167322834645667,4.879606177199106
943,0.3921952247619629,371.80078625679016,3.3855263157894733,-1.033464566929137,5.351531778808731
944,0.38866376876831055,372.19375586509705,0.017105263157894512,5.462598425196848,6.175484601982304
945,0.3888208866119385,372.5852496623993,3.2171052631578974,-1.3287401574803148,5.323647535906732
946,0.38960862159729004,372.9775378704071,0.8592105263157919,-5.462598425196852,5.271514049971703
947,0.3917055130004883,373.3719334602356,1.5328947368421062,1.9192913385826742,5.586164525468381
948,0.39021825790405273,373.76484847068787,2.8802631578947384,-1.3287401574803148,5.442247555148989
949,0.3903534412384033,374.1579442024231,2.711842105263159,-1.3287401574803148,5.392501766151951
950,0.38948988914489746,374.55013251304626,0.18552631578947398,-2.5098425196850407,6.030794258312671
951,0.39429354667663574,374.947144985199,6.417105263157897,-5.462598425196852,5.747438887110635
952,0.3938286304473877,375.3440320491791,7.42763157894737,-1.9192913385826778,5.437112305091274
953,0.39528703689575195,375.74197340011597,2.2065789473684205,-1.3287401574803148,5.300668694293518
954,0.38820815086364746,376.13282108306885,2.2065789473684205,-1.033464566929137,5.367098928901535
955,0.391920804977417,376.52742886543274,2.375,5.167322834645667,4.9717659974104835
956,0.3876912593841553,376.91772413253784,1.8697368421052651,-1.033464566929137,5.1713466420991505
957,0.3951292037963867,377.3171796798706,2.711842105263159,-1.3287401574803148,4.904535837856343
958,0.39029693603515625,377.71008706092834,,,
959,0.4024035930633545,378.11518001556396,1.8697368421052651,5.462598425196848,5.359108019669329
960,0.4153003692626953,378.5332381725311,,,
961,0.41823887825012207,378.95443177223206,,,
962,0.4150822162628174,379.3722200393677,,,
963,0.3942873477935791,379.7693145275116,1.3644736842105267,-4.281496062992128,5.168156761994007
964,0.38964152336120605,380.16160583496094,5.238157894736844,-2.214566929133859,6.890642539406562
965,0.3901855945587158,380.55445766448975,,,
966,0.389751672744751,380.94684505462646,0.35394736842105345,-4.576771653543307,5.046899970435169
967,0.38974452018737793,381.3392491340637,5.238157894736844,-5.462598425196852,5.769886271935058
968,0.3872034549713135,381.7290790081024,0.5223684210526329,5.462598425196848,5.115087865425902
969,0.3941311836242676,382.1259021759033,2.375,-4.576771653543307,5.1912363646604405
970,0.39249348640441895,382.52271842956543,,,
971,0.3917255401611328,382.9171280860901,3.722368421052632,-4.872047244094489,5.079150746681957
972,0.39152097702026367,383.3113570213318,5.911842105263158,4.576771653543304,4.6982739806308995
973,0.3902566432952881,383.70419573783875,,,
974,0.3906841278076172,384.0974578857422,1.7013157894736857,5.167322834645667,5.6253005805588385
975,0.39843153953552246,384.49902391433716,6.080263157894738,2.509842519685037,4.934900465271106
976,0.3881857395172119,384.88986015319824,3.2171052631578974,-2.214566929133859,4.789538553701052
977,0.3931105136871338,385.28563356399536,2.711842105263159,1.3287401574803148,5.387028894760117
978,0.394787073135376,385.6830554008484,2.711842105263159,1.0334645669291334,5.2428417389451925
979,0.3903203010559082,386.07604241371155,1.3644736842105267,5.167322834645667,5.123943833095909
980,0.3926358222961426,386.47130060195923,7.2592105263157904,3.1003937007874,4.526590142152703
981,0.39153265953063965,386.86551880836487,0.017105263157894512,-1.6240157480314963,6.344266003842462
982,0.3911123275756836,387.2592496871948,2.5434210526315795,-5.462598425196852,5.062152363345118
983,0.3928096294403076,387.65644216537476,4.901315789473685,0.4429133858267704,5.272224507564936
984,0.38926029205322266,388.04833006858826,1.3644736842105267,-5.462598425196852,5.068432846020805
985,0.39357471466064453,388.4445662498474,2.5434210526315795,-4.576771653543307,5.521446509161248
986,0.38973236083984375,388.83701181411743,0.35394736842105345,-4.576771653543307,5.002156017743316
987,0.3885676860809326,389.22817492485046,,,
988,0.39295411109924316,389.62380599975586,2.5434210526315795,5.167322834645667,5.205122278077115
989,0.3928201198577881,390.01930379867554,0.6907894736842124,-1.6240157480314963,5.001900197604122
990,0.3887820243835449,390.41067361831665,,,
991,0.3876917362213135,390.8009901046753,2.375,-1.033464566929137,5.462314679745058
992,0.3912472724914551,391.19488549232483,2.375,-1.033464566929137,5.335730339844002
993,0.391190767288208,391.5888133049011,7.932894736842105,-1.6240157480314963,5.5627911520797415
994,0.38969969749450684,391.98119497299194,2.2065789473684205,-1.033464566929137,5.462807413729049
995,0.39333367347717285,392.3772211074829,2.8802631578947384,4.872047244094485,5.247012165001061
996,0.38970446586608887,392.77111768722534,1.1960526315789473,2.509842519685037,5.715541906087368
997,0.39345216751098633,393.16714334487915,,,
998,0.39310264587402344,393.5632874965668,5.069736842105264,2.2145669291338557,4.902857355269112
999,0.3948688507080078,393.96086144447327,2.375,4.576771653543304,5.00693403231542
1000,0.3939969539642334,394.35753083229065,1.8697368421052651,4.281496062992122,5.084193614569108
